Date,SPY,XLK,IYC
1/26/2018,1,0.860038442,0.585591498
1/29/2018,0,-0.564314967,0.036847027
1/30/2018,0,-0.560725516,-0.49992863
1/31/2018,1,0.387512618,-0.325010481
2/1/2018,0,0.009502434,-0.742424075
2/2/2018,0,-1.762630694,-0.830064229
2/5/2018,0,-2.486181619,-2.498066043
2/6/2018,1,1.580888428,1.44720742
2/7/2018,0,-0.779261383,-0.060147109
2/8/2018,0,-2.462953591,-2.886065159
2/9/2018,1,1.345758374,0.214992972
2/12/2018,1,0.977559125,0.868966484
2/13/2018,1,0.100825543,0.516472301
2/14/2018,1,1.000692793,0.888187984
2/15/2018,1,1.041684716,0.693076453
2/16/2018,1,-0.125789326,-0.019500993
2/20/2018,0,0.010436356,-0.676450335
2/21/2018,0,-0.407915218,0.102771184
2/22/2018,1,0.027866707,-0.279087283
2/23/2018,1,1.145241762,0.954532309
2/26/2018,1,0.849405976,0.517003624
2/27/2018,0,-0.621366196,-1.300069149
2/28/2018,0,-0.450688686,-0.164074823
3/1/2018,0,-0.997584402,-0.761937927
3/2/2018,1,0.503293096,0.182749743
3/5/2018,1,0.540080099,0.705976321
3/6/2018,1,0.084837326,0.320163793
3/7/2018,0,0.275975181,-0.403579447
3/8/2018,1,0.20808072,0.161723193
3/9/2018,1,1.033001571,1.130796056
3/12/2018,0,0.137703615,0.154657605
3/13/2018,0,-0.700041453,-0.51048438
3/14/2018,0,-0.089819232,-0.293774938
3/15/2018,0,-0.007854544,-0.085485872
3/16/2018,1,-0.099828613,-0.037853772
3/19/2018,0,-1.187022143,-0.961338185
3/20/2018,1,-0.065820771,0.347666433
3/21/2018,0,-0.385856336,-0.193564952
3/22/2018,0,-1.537974969,-1.363193456
3/23/2018,0,-1.587079131,-1.400852574
3/26/2018,1,2.092271767,1.89777738
3/27/2018,0,-1.906997485,-1.36714545
3/28/2018,0,-0.423108974,-0.608462998
3/29/2018,1,1.081673871,0.886898466
4/2/2018,0,-1.42235819,-2.095406704
4/3/2018,1,0.52136888,0.739027517
4/4/2018,1,0.752808286,1.091520928
4/5/2018,1,0.195257787,0.794702622
4/6/2018,0,-1.461927293,-1.444882787
4/9/2018,1,0.404529759,-0.185727006
4/10/2018,1,1.352460227,0.635318181
4/11/2018,0,-0.379219971,-0.261446652
4/12/2018,1,0.643117421,0.341199724
4/13/2018,0,-0.230242814,-0.368664846
4/16/2018,1,0.397941219,0.62373272
4/17/2018,1,1.011866691,1.189508177
4/18/2018,1,-0.192230866,0.439673281
4/19/2018,0,-0.676643353,-0.187139363
4/20/2018,0,-0.839181183,-0.728034041
4/23/2018,0,-0.248547807,0.063346574
4/24/2018,0,-1.047436729,-1.024052402
4/25/2018,1,-0.031815966,0.281497757
4/26/2018,1,0.992020334,0.834432377
4/27/2018,1,-0.144811563,0.201692682
4/30/2018,0,-0.415493937,-0.169386104
5/1/2018,1,0.672063004,0.096695626
5/2/2018,0,-0.101133719,-0.553371422
5/3/2018,0,0.088915649,-0.397924756
5/4/2018,1,1.036172306,0.945233657
5/7/2018,1,0.355926548,0.044073181
5/8/2018,0,0.085328924,-0.259203471
5/9/2018,1,0.659742999,0.13415262
5/10/2018,1,0.700433913,0.201015149
5/11/2018,1,-0.122518097,0.151970227
5/14/2018,1,-0.048821977,0.162655406
5/15/2018,0,-0.584011494,-0.410442819
5/16/2018,1,0.215201499,0.604961566
5/17/2018,0,-0.33785164,-0.264157719
5/18/2018,0,-0.281209384,-0.216603647
5/21/2018,1,0.455944243,0.318568803
5/22/2018,0,-0.123112994,-0.379917203
5/23/2018,1,0.378705364,0.318671317
5/24/2018,0,-0.106221241,0.13603388
5/25/2018,0,-0.081662419,0.161506347
5/29/2018,0,-0.353399895,-0.541637416
5/30/2018,1,0.378705364,0.708933362
5/31/2018,0,-0.024247379,-0.532680297
6/1/2018,1,0.925789967,0.350068847
6/4/2018,1,0.416560127,0.819505569
6/5/2018,1,0.158727923,0.271242637
6/6/2018,1,0.332319527,0.576320214
6/7/2018,0,-0.501240866,0.19230942
6/8/2018,1,-0.13642038,0.052163356
6/11/2018,1,0.023225932,0.323438198
6/12/2018,1,0.237910388,0.268529607
6/13/2018,0,-0.33515883,0.108121531
6/14/2018,1,0.364906989,0.695887617
6/15/2018,0,-0.259743911,0.148587801
6/18/2018,0,0.023187367,-0.156059074
6/19/2018,0,-0.336440069,0.019053276
6/20/2018,1,0.079454405,0.396048632
6/21/2018,0,-0.482227462,-0.33007461
6/22/2018,1,-0.22633532,0.025957977
6/25/2018,0,-1.241825279,-1.424545269
6/26/2018,1,0.190105731,0.251565332
6/27/2018,0,-0.827336137,-0.846703184
6/28/2018,1,0.655521963,0.275278137
6/29/2018,1,-0.065371789,-0.087691556
7/2/2018,1,0.468014731,0.106054001
7/3/2018,0,-0.722628387,-0.296038651
7/5/2018,1,0.76373838,0.389521906
7/6/2018,1,0.62384208,0.628544262
7/9/2018,1,0.392775522,0.699779817
7/10/2018,1,0.095108434,0.106653786
7/11/2018,0,-0.264436546,-0.254479106
7/12/2018,1,0.857213303,0.481086014
7/13/2018,1,-0.103755291,0.293709731
7/16/2018,0,-0.174973725,0.008272201
7/17/2018,1,0.384946608,0.049891688
7/18/2018,1,-0.13496611,0.042887311
7/19/2018,0,-0.245484987,-0.172114923
7/20/2018,0,-0.024851877,-0.304773759
7/23/2018,1,0.250583634,-0.096250665
7/24/2018,1,0.272535911,-0.274730927
7/25/2018,1,0.673253517,0.524808734
7/26/2018,0,-0.926597588,-0.116889726
7/27/2018,0,-1.028064843,-0.012533496
7/30/2018,0,-0.940092765,-0.803457087
7/31/2018,1,0.112938402,0.222920774
8/1/2018,0,0.473671291,-0.279520901
8/2/2018,1,0.674904763,0.426153236
8/3/2018,1,0.16441221,0.214490128
8/6/2018,1,0.265570006,0.470331439
8/7/2018,1,0.1781918,0.281025038
8/8/2018,0,0.115153915,0.090706404
8/9/2018,0,-0.017289012,0.124900986
8/10/2018,0,-0.50131619,-0.439773918
8/13/2018,0,-0.119088111,-0.213250572
8/14/2018,1,0.311514353,0.724890082
8/15/2018,0,-0.557893143,-0.746572598
8/16/2018,1,0.210715923,0.525669318
8/17/2018,1,0.045527582,0.045754047
8/20/2018,1,-0.126816678,0.422036667
8/21/2018,1,0.053354418,0.402299733
8/22/2018,0,0.131244611,0.105860724
8/23/2018,0,0.084052535,-0.17878494
8/24/2018,1,0.532549543,0.399956297
8/27/2018,1,0.481073843,0.266572345
8/28/2018,1,0.058543971,0.148221517
8/29/2018,1,0.475483433,0.670657627
8/30/2018,0,-0.214695227,-0.222173026
8/31/2018,1,0.004803675,0.309110964
9/4/2018,0,-0.260680263,0.268000368
9/5/2018,0,-0.759714722,-0.798838976
9/6/2018,0,-0.457856342,-0.273432716
9/7/2018,0,-0.234818413,0.124292743
9/10/2018,1,0.138022832,0.217245668
9/11/2018,1,0.445935036,0.428471536
9/12/2018,1,-0.279549173,0.066449514
9/13/2018,1,0.62734203,0.010229971
9/14/2018,1,-0.086468656,-0.290817322
9/17/2018,0,-0.763293467,-0.856581305
9/18/2018,1,0.321810942,0.810947723
9/19/2018,1,-0.186896812,-0.0791982
9/20/2018,1,0.63363173,0.427018038
9/21/2018,0,-0.267341398,-0.144900898
9/24/2018,0,0.242577443,-0.38708846
9/25/2018,0,-0.109416882,0.338180397
9/26/2018,0,-0.255094205,0.241837048
9/27/2018,1,0.295995854,0.2832351
9/28/2018,1,0.172556178,-0.065491123
10/1/2018,1,0.232296314,-0.207023425
10/2/2018,0,-0.033087903,-0.608408468
10/3/2018,1,0.133039135,-0.292455062
10/4/2018,0,-1.083042855,-0.919224027
10/5/2018,0,-0.766998222,-0.845454481
10/9/2018,0,0.163461066,0.052081235
10/10/2018,0,-2.884444609,-2.446159887
10/11/2018,0,-0.770073966,-1.21146632
10/12/2018,1,1.765777802,1.696126484
10/15/2018,0,-0.985993655,-0.21584732
10/16/2018,1,1.659475215,1.53944979
10/17/2018,1,-0.304480098,0.131417535
10/18/2018,0,-1.173697383,-1.319752476
10/19/2018,0,-0.065176042,-0.201259937
10/22/2018,0,0.431679387,0.179703989
10/23/2018,0,-0.26004215,-0.232707965
10/24/2018,0,-2.664368909,-2.688414172
10/25/2018,1,1.895104264,2.041186776
10/26/2018,0,-1.197593077,-2.18938171
10/29/2018,0,-1.015818396,-0.689405665
10/30/2018,1,0.597211257,1.187508512
10/31/2018,1,1.305112213,0.75341802
11/1/2018,1,0.624623683,1.357502341
11/2/2018,0,-1.170427586,-0.022999652
11/5/2018,1,-0.09897563,0.022548153
11/6/2018,1,0.316725662,0.36129599
11/7/2018,1,1.616996539,1.891133264
11/8/2018,0,-0.088952962,-0.043230895
11/9/2018,0,-1.04012286,-0.724951954
11/13/2018,0,0.027275693,-0.057946904
11/14/2018,0,-0.732218306,-0.570486599
11/15/2018,1,1.376158893,0.096672358
11/16/2018,1,-0.132894693,-0.432265195
11/19/2018,0,-2.265565033,-1.659259985
11/20/2018,0,-1.28439527,-1.799145938
11/21/2018,1,0.376947321,0.679434729
11/23/2018,0,-0.565348036,-0.141036622
11/26/2018,1,1.240374304,1.17186638
11/27/2018,1,0.072821732,0.44996128
11/28/2018,1,1.93042102,2.068637219
11/29/2018,0,-0.599326614,-0.016004035
11/30/2018,1,0.501201599,0.057289247
12/3/2018,1,1.209600294,1.015838874
12/4/2018,0,-2.251095435,-2.514297036
12/6/2018,0,0.08774413,0.509301371
12/7/2018,0,-2.094835576,-2.108225242
12/10/2018,1,0.742714196,0.17694817
12/11/2018,1,0.0292485,-0.117656232
12/12/2018,1,0.40292977,0.610674116
12/13/2018,0,0.054562938,-0.355602167
12/14/2018,0,-1.459268897,-1.439552807
12/17/2018,0,-1.268407634,-1.619058242
12/18/2018,0,0.410500437,0.373676623
12/19/2018,0,-1.184414727,-1.386223246
12/20/2018,0,-1.076866804,-1.665079888
12/21/2018,0,-1.807013527,-2.040519194
12/24/2018,0,-1.589365063,-1.469165079
12/26/2018,1,3.316620805,3.832000768
12/27/2018,1,0.3701527,0.265707566
12/28/2018,0,-0.171029956,0.081799912
12/31/2018,1,0.497607776,0.839531613
1/2/2019,1,-0.003703785,0.448106184
1/3/2019,0,-3.00537737,-1.244975005
1/4/2019,1,2.442055287,2.353890057
1/7/2019,1,0.469076556,1.242736111
1/8/2019,1,0.437122685,0.696338173
1/9/2019,1,0.695739267,0.199269059
1/10/2019,1,0.211710643,-0.041337385
1/11/2019,1,-0.148661101,-0.044995894
1/14/2019,0,-0.574721668,-0.502062172
1/15/2019,1,0.816879828,0.786526458
1/16/2019,1,0.013083163,-0.012231755
1/17/2019,1,0.32518662,0.370978217
1/18/2019,1,0.824376385,0.479865208
1/22/2019,0,-1.012503557,-1.294754285
1/23/2019,1,0.155055082,0.271568929
1/24/2019,1,0.436878565,0.205242263
1/25/2019,1,0.763867134,0.542782778
1/28/2019,0,-0.809926249,-0.339749794
1/29/2019,0,-0.660059316,-0.479023587
1/30/2019,1,1.71158715,0.975320847
1/31/2019,1,-0.101065708,0.968369198
2/1/2019,1,0.295243397,-0.896510246
2/4/2019,1,0.870870671,0.51796553
2/5/2019,1,0.439068654,0.510323557
2/6/2019,0,0.151798614,-0.336917904
2/7/2019,0,-0.831256986,-0.349007638
2/8/2019,1,0.288713519,-0.304207285
2/11/2019,1,-0.065913134,-0.123019035
2/12/2019,1,0.712557277,0.892370753
2/13/2019,1,0.034131506,0.244385792
2/14/2019,0,0.058881158,-0.012488897
2/15/2019,1,0.413452161,0.515665446
2/19/2019,1,-0.024207884,0.362726098
2/20/2019,1,0.02508091,-0.186042976
2/21/2019,0,-0.016020184,-0.085523852
2/22/2019,1,0.685231808,0.403400856
2/25/2019,1,0.234250704,-0.2653059
2/26/2019,0,0.08021553,0.029024998
2/27/2019,0,-0.097006528,-0.147842365
2/28/2019,0,-0.202000705,-0.148085008
3/1/2019,1,0.345852732,0.365540255
3/4/2019,0,-0.257726924,-0.269014357
3/5/2019,0,-0.210059452,0.17811116
3/6/2019,0,-0.340374661,-0.356122367
3/7/2019,0,-0.58740149,-1.000393887
3/8/2019,0,-0.048847583,-0.277516426
3/11/2019,1,1.176461054,0.951049173
3/12/2019,1,0.295556665,0.123521838
3/13/2019,1,0.333249091,0.345449128
3/14/2019,0,0.078175409,-0.13051448
3/15/2019,1,0.648229663,0.402805675
3/18/2019,1,0.201987831,0.383137821
3/19/2019,1,0.07637978,0.007933658
3/20/2019,0,-0.196744566,0.20072644
3/21/2019,1,1.379690829,0.794259858
3/22/2019,0,-1.406287573,-1.293719038
3/25/2019,0,-0.291067004,0.125159617
3/26/2019,1,0.272208134,0.255178726
3/27/2019,0,-0.369151467,-0.156702607
3/28/2019,1,0.19418841,0.305923449
3/29/2019,1,0.51910776,0.236347106
4/1/2019,1,0.735465509,0.755920299
4/2/2019,1,0.157451871,-0.154337268
4/3/2019,1,0.421435864,0.40097075
4/4/2019,1,-0.282588616,0.361747439
4/5/2019,1,0.23147299,0.442561836
4/8/2019,1,0.177628447,0.139351989
4/9/2019,0,-0.311718179,-0.347540135
4/10/2019,1,0.35800391,0.328371871
4/11/2019,0,-0.115656216,0.105943678
4/12/2019,1,0.355764456,0.499750188
4/15/2019,0,-0.063021181,0.219105585
4/16/2019,1,0.249419785,0.293031067
4/17/2019,0,0.277477602,0.1070625
4/18/2019,1,0.12143555,-0.009772923
4/22/2019,1,0.09163019,-0.107077291
4/23/2019,1,0.579847687,0.719880187
4/24/2019,0,-0.018855244,-0.07091727
4/25/2019,0,-0.055166017,-0.067701572
4/26/2019,1,-0.258846619,0.454879873
4/29/2019,1,-0.026073371,-0.038678431
4/30/2019,1,0.053980674,-0.160228991
5/1/2019,0,-0.186305223,-0.559491091
5/2/2019,0,-0.340408523,-0.158398874
5/3/2019,1,0.499266341,0.863995972
5/6/2019,0,-0.485326047,-0.20811188
5/7/2019,0,-1.28349809,-1.070941459
5/8/2019,0,-0.10799356,-0.009755732
5/9/2019,0,-0.431321289,-0.240817702
5/10/2019,1,0.140003682,0.101014925
5/13/2019,0,-2.239156108,-1.993159458
5/14/2019,1,0.873511619,0.504101486
5/15/2019,1,0.578532519,0.480412214
5/16/2019,1,0.481559721,0.650224456
5/17/2019,0,-0.502059314,-0.366692071
5/20/2019,0,-1.044321781,-0.546853427
5/21/2019,1,0.658431619,0.507851441
5/22/2019,0,-0.33919101,-0.39153809
5/23/2019,0,-1.055058769,-0.933292413
5/24/2019,1,-0.025017472,0.0440178
5/28/2019,0,-0.204904963,-0.263872438
5/29/2019,0,-0.378448179,-0.629146678
5/30/2019,1,0.312826777,0.280938964
5/31/2019,0,-1.004057371,-0.839479851
6/3/2019,0,-1.052937852,-0.663254729
6/4/2019,1,1.841021922,1.575483034
6/5/2019,1,0.699681095,0.285763173
6/6/2019,1,0.621392986,0.324433664
6/7/2019,1,1.013458861,0.923394292
6/10/2019,1,0.542480154,0.386764916
6/11/2019,0,-0.040644548,0.1306202
6/12/2019,0,-0.361377818,0.006570466
6/13/2019,1,0.131142683,0.616272062
6/14/2019,0,-0.542484706,0.051503808
6/17/2019,1,0.004475947,0.199962203
6/18/2019,1,0.987425768,0.382146896
6/19/2019,1,0.165712623,0.303343494
6/20/2019,1,0.791937958,0.317708916
6/21/2019,0,-0.311963081,-0.343959559
6/24/2019,0,0.068921431,-0.326269942
6/25/2019,0,-1.101140058,-0.520897508
6/26/2019,0,0.573011081,-0.074355324
6/27/2019,1,0.106245242,0.405327775
6/28/2019,1,-0.04797923,0.268660437
7/1/2019,1,0.861860935,0.556484369
7/2/2019,1,0.110800891,0.343965435
7/3/2019,1,0.397017142,0.536255936
7/5/2019,0,-0.147953884,0.096128471
7/8/2019,0,-0.479141838,-0.188307387
7/9/2019,1,0.161058406,0.130572593
7/10/2019,1,0.410567697,0.270328547
7/11/2019,1,0.172973299,0.272233181
7/12/2019,1,0.377160218,0.575664913
7/15/2019,1,0.14955492,0.069510013
7/16/2019,0,-0.57762145,-0.028712316
7/17/2019,0,-0.189897712,-0.598524112
7/18/2019,1,0.384793458,-0.36364593
7/19/2019,0,-0.288434203,-0.650201923
7/22/2019,1,0.615419776,-0.129344384
7/23/2019,1,0.274125415,0.247012818
7/24/2019,1,0.431758804,0.473172787
7/25/2019,0,-0.276361692,-0.187499672
7/26/2019,1,0.084266808,0.514188356
7/29/2019,0,-0.075310281,-0.347910428
7/30/2019,0,-0.409441464,-0.396294404
7/31/2019,0,-0.912893406,-0.92464416
8/1/2019,0,-0.331977558,-0.680618074
8/2/2019,0,-0.981616106,-0.474460778
8/5/2019,0,-2.481914477,-1.90936584
8/6/2019,1,0.903798711,0.925323636
8/7/2019,1,0.315079496,-0.107529959
8/8/2019,1,1.34616719,1.286266474
8/9/2019,0,-0.693362732,-0.456335826
8/12/2019,0,-0.796892441,-0.966783698
8/13/2019,1,1.375537154,0.914885663
8/14/2019,0,-1.827574324,-2.083346274
8/15/2019,1,-0.144884307,0.195951147
8/16/2019,1,1.037202194,0.871645451
8/19/2019,1,0.823122597,0.698860008
8/20/2019,0,-0.329526918,-0.158703252
8/21/2019,1,0.628783076,0.779496274
8/22/2019,0,-0.176776495,0.089321772
8/23/2019,0,-1.966427351,-1.712630332
8/26/2019,1,0.747711157,0.645837317
8/27/2019,0,-0.128520255,-0.038986058
8/28/2019,1,0.010631715,0.675075623
8/29/2019,1,0.946570651,0.900174096
8/30/2019,0,-0.055038193,-0.248282485
9/3/2019,0,-0.743196367,-0.495361376
9/4/2019,1,0.9276338,0.761232846
9/5/2019,1,1.143611215,0.899705252
9/6/2019,1,-0.08979518,0.167886472
9/9/2019,1,-0.470743205,0.207782645
9/10/2019,0,-0.331560952,-0.246784631
9/11/2019,1,0.553797754,0.139370584
9/12/2019,1,0.268282451,0.219681287
9/13/2019,0,-0.46232776,0.014600874
9/16/2019,0,-0.181893119,-0.776784135
9/17/2019,1,0.192232938,0.37108351
9/18/2019,1,-0.047703455,-0.103680445
9/19/2019,0,0.086012538,-0.435669883
9/20/2019,0,-0.71220109,-0.773636048
9/23/2019,0,0.137411459,0.078770752
9/24/2019,0,-0.597989974,-0.683175892
9/25/2019,1,0.637464971,0.456800339
9/26/2019,0,0.023177594,-0.57604346
9/27/2019,0,-0.811308413,-0.296210388
9/30/2019,1,0.559668576,0.497649715
10/1/2019,0,-0.576348723,-0.523751705
10/2/2019,0,-1.127295407,-1.042378941
10/3/2019,1,0.657180881,0.107957434
10/4/2019,1,0.898089208,0.80497402
10/7/2019,0,-0.282802313,-0.093774374
10/8/2019,0,-1.099599888,-0.750126829
10/9/2019,1,0.803786251,0.43925889
10/10/2019,1,0.352030076,0.423355645
10/11/2019,1,0.743761699,0.695379797
10/15/2019,1,0.587944172,0.483203398
10/16/2019,0,-0.437946768,0.208364766
10/17/2019,1,-0.152667103,0.333495181
10/18/2019,0,-0.589911509,-0.391455863
10/21/2019,1,0.571655909,0.166720131
10/22/2019,0,-0.815915902,-0.382942507
10/23/2019,1,0.008995496,-0.181305436
10/24/2019,1,0.789905009,0.024966935
10/25/2019,1,0.646987478,0.344542617
10/28/2019,1,0.679750031,0.304963973
10/29/2019,0,-0.561166916,-0.483023586
10/30/2019,1,0.309174946,0.220532075
10/31/2019,0,-0.074843074,-0.272190351
11/1/2019,1,0.639532614,0.308816542
11/4/2019,1,0.256093085,0.078062657
11/5/2019,0,-0.107933465,0.140715495
11/6/2019,1,-0.067597035,-0.0854324
11/7/2019,1,0.409005765,-0.123220636
11/8/2019,1,0.279340484,0.14700608
11/12/2019,1,0.151708619,-0.047744444
11/13/2019,1,0.085056273,0.171700551
11/14/2019,1,-0.1067652,0.330184124
11/15/2019,1,0.420563247,-0.103633379
11/18/2019,1,0.129738604,0.347460781
11/19/2019,0,0.070466235,-0.383353189
11/20/2019,0,-0.38778872,-0.278779867
11/21/2019,0,-0.330451884,-0.138526126
11/22/2019,1,-0.113319723,0.258955904
11/25/2019,1,0.786409572,0.344872424
11/26/2019,1,0.011471607,0.370765247
11/27/2019,1,0.277494036,0.522024653
11/29/2019,0,-0.20922689,-0.459156099
12/2/2019,0,-0.86478995,-0.558244438
12/3/2019,0,-0.550185184,-0.659630725
12/4/2019,1,0.191537066,0.155957323
12/5/2019,1,0.170807235,-0.06020165
12/6/2019,1,0.589054639,0.461000775
12/9/2019,0,-0.34150722,-0.122191131
12/10/2019,0,0.005243028,-0.359747175
12/11/2019,1,0.344645092,0.158636579
12/12/2019,1,0.56793339,0.598870187
12/13/2019,1,0.338046038,-0.025695639
12/16/2019,1,0.46887496,0.24031053
12/17/2019,1,-0.173961933,0.341181832
12/18/2019,1,-0.046994825,-0.173407137
12/19/2019,1,0.371030657,0.468766333
12/20/2019,1,0.290778642,0.285835275
12/23/2019,1,0.122781517,-0.230044914
12/24/2019,1,-0.021816738,0.120938696
12/26/2019,1,0.384453774,0.521248391
12/27/2019,0,-0.046871752,-0.0921638
12/30/2019,0,-0.371732702,-0.441850784
12/31/2019,1,0.140753054,-0.028642167
1/2/2020,1,1.023582689,0.665987802
1/3/2020,0,-0.687968041,-0.425142681
1/6/2020,1,0.095585372,0.101844282
1/7/2020,0,-0.065385138,-0.116554633
1/8/2020,1,0.568702959,0.234970749
1/9/2020,1,0.604672608,0.29425663
1/10/2020,0,-0.173985094,-0.396796373
1/13/2020,1,0.670921956,0.264426821
1/14/2020,0,-0.310957881,0.11600401
1/15/2020,1,0.025550315,-0.085713768
1/16/2020,1,0.724053021,0.451659609
1/17/2020,1,0.343806086,0.132868764
1/21/2020,0,-0.064232467,-0.24070432
1/22/2020,1,0.165386599,-0.109366597
1/23/2020,1,0.22902041,0.115267824
1/24/2020,0,-0.310309506,-0.935050835
1/27/2020,0,-1.420373945,-0.947260678
1/28/2020,1,1.04452847,0.540476633
1/29/2020,0,0.106827675,-0.383134206
1/30/2020,1,0.452075672,0.203795813
1/31/2020,0,-1.633733726,-0.448361624
2/3/2020,1,0.711077827,0.452097816
2/4/2020,1,1.439627777,1.103642621
2/5/2020,1,0.293375141,0.393690529
2/6/2020,1,0.479519816,-0.037418725
2/7/2020,0,-0.566554635,-0.318743134
2/10/2020,1,0.729425792,0.190106359
2/11/2020,1,-0.23361309,0.706218569
2/12/2020,1,0.575717755,0.719250991
2/13/2020,0,-0.192713399,-0.028281699
2/14/2020,1,0.206954489,-0.201273584
2/18/2020,0,-0.254407768,0.214952818
2/19/2020,1,0.637270391,0.246234184
2/20/2020,0,-0.639714728,-0.071985809
2/21/2020,0,-1.338470382,-0.790875897
2/24/2020,0,-2.457163201,-2.264381806
2/25/2020,0,-1.902262203,-2.078333481
2/26/2020,0,0.219335279,-0.776620605
2/27/2020,0,-3.214962525,-2.709854607
2/28/2020,0,0.395075126,-0.885362228
3/2/2020,1,3.177653168,2.249794374
3/3/2020,0,-2.257138034,-1.630951195
3/4/2020,1,2.36538932,2.212771439
3/5/2020,0,-1.876578236,-2.643078431
3/6/2020,0,-1.263784164,-0.56367297
3/9/2020,0,-4.560893164,-4.619158068
3/10/2020,1,3.655942146,3.31183032
3/11/2020,0,-2.811025998,-4.063436472
3/12/2020,0,-5.920385833,-7.50985197
3/13/2020,1,6.310228353,5.205987434
3/16/2020,0,-8.551578626,-8.254169176
3/17/2020,1,3.730089222,1.523988854
3/18/2020,0,-2.239364465,-4.059857389
3/19/2020,1,0.166243925,2.355248988
3/20/2020,0,-2.726142032,-2.516462481
3/23/2020,0,-0.566001718,-0.054454167
3/24/2020,1,5.541404046,6.013368135
3/25/2020,1,-0.114453854,0.831271284
3/26/2020,1,3.399253697,3.021500376
3/27/2020,0,-2.688349833,-2.640958198
3/30/2020,1,2.321187784,1.351957174
3/31/2020,0,-1.120272696,-1.052428648
4/1/2020,0,-2.836012797,-2.967343658
4/2/2020,1,1.28280741,0.486668286
4/3/2020,0,-0.931911084,-1.304308496
4/6/2020,1,4.646774087,5.125727022
4/7/2020,1,-0.555947302,0.654411866
4/8/2020,1,1.478129339,1.893507201
4/9/2020,1,-0.027203786,1.102090877
4/13/2020,0,0.086875153,-0.110752654
4/14/2020,1,2.310634184,2.530236292
4/15/2020,0,-1.302803335,-1.528750035
4/16/2020,1,0.652427639,0.657310896
4/17/2020,1,0.714749452,1.659898281
4/20/2020,0,-0.965255981,-1.187626317
4/21/2020,0,-2.491069314,-1.666095266
4/22/2020,1,2.122250674,0.976699188
4/23/2020,0,-0.4350619,0.087534948
4/24/2020,1,1.16040711,1.087568733
4/27/2020,1,0.448177858,1.390748519
4/28/2020,0,-0.807903287,0.13849055
4/29/2020,1,2.262144895,1.665024897
4/30/2020,0,-0.296857158,-1.024641255
5/1/2020,0,-1.634642511,-1.986983682
5/4/2020,1,0.714247611,0.231682207
5/5/2020,1,0.742070522,0.015309913
5/6/2020,0,0.402737274,-0.158860025
5/7/2020,1,0.811461719,1.077345034
5/8/2020,1,0.792905977,1.303262269
5/11/2020,1,0.338641624,-0.282726117
5/12/2020,0,-1.235101972,-1.478398056
5/13/2020,0,-1.035673779,-1.382785466
5/14/2020,1,0.684163589,0.705552966
5/15/2020,1,0.247954673,1.045536798
5/18/2020,1,1.345068549,2.55074131
5/19/2020,0,-0.250278348,-0.550658416
5/20/2020,1,1.19990644,1.081446054
5/21/2020,0,-0.844834348,0.019848273
5/22/2020,1,0.167395779,-0.094936602
5/26/2020,1,-0.100004247,1.000215954
5/27/2020,1,0.285099977,1.176468723
5/28/2020,0,-0.152965052,-0.725622257
5/29/2020,1,0.676751845,0.348833983
6/1/2020,1,-0.058182929,0.622808229
6/2/2020,1,0.494623286,0.422211807
6/3/2020,1,0.403538997,1.143815379
6/4/2020,0,-0.513790978,-0.118547241
6/5/2020,1,1.446318729,1.333180653
6/8/2020,1,0.246545186,1.217908257
6/9/2020,0,0.228341436,-0.999192419
6/10/2020,0,0.907489257,-0.961006883
6/11/2020,0,-3.42142676,-3.720753487
6/12/2020,1,0.695456172,0.759067855
6/15/2020,1,0.509569386,0.494167087
6/16/2020,1,1.167160553,1.344295113
6/17/2020,0,-0.051819794,-0.231915265
6/18/2020,1,0.215736597,-0.125954253
6/19/2020,0,-0.436846334,-0.544738594
6/22/2020,1,1.027969222,0.402261304
6/23/2020,1,0.371204307,0.290469158
6/24/2020,0,-1.346745214,-1.762490018
6/25/2020,1,0.688032836,0.105317996
6/26/2020,0,-1.179436929,-1.545340752
6/29/2020,1,0.581800926,1.343071878
6/30/2020,1,0.976477185,0.605868636
7/1/2020,1,0.052422491,0.807771634
7/2/2020,1,0.292060728,-0.123168197
7/6/2020,1,0.951372428,1.310002022
7/7/2020,0,-0.6424311,-0.716889519
7/8/2020,1,0.886262805,0.409056493
7/9/2020,0,0.166255739,-0.059765616
7/10/2020,1,-0.056535011,1.184335944
7/13/2020,0,-1.239645204,-0.914242267
7/14/2020,1,0.615497101,0.76554994
7/15/2020,1,0.268672238,1.414082616
7/16/2020,0,-0.752437611,-0.279873496
7/17/2020,1,0.238712726,-0.329028383
7/20/2020,1,1.403972106,0.287025014
7/21/2020,1,-0.618346847,0.29164751
7/22/2020,1,0.416747044,0.515768533
7/23/2020,0,-1.547454433,-0.793995459
7/24/2020,0,-0.73840123,0.043375801
7/27/2020,1,0.855688296,0.27614725
7/28/2020,0,-0.71427495,-0.542964138
7/29/2020,1,0.782795369,0.631986352
7/30/2020,0,0.279070067,-0.096884306
7/31/2020,1,1.371197206,0.078703002
8/3/2020,1,1.352398727,0.229839509
8/4/2020,1,0.105892213,0.890101484
8/5/2020,1,0.17092505,0.449765873
8/6/2020,1,0.758259626,0.619525809
8/7/2020,1,-0.899916326,-0.010867057
8/10/2020,1,-0.201936722,0.528031059
8/11/2020,0,-1.079744142,-0.193905181
8/12/2020,1,1.245251162,0.68965124
8/13/2020,0,-0.015519242,-0.064857083
8/14/2020,1,-0.08084722,0.102318598
8/17/2020,1,0.340157368,0.49654049
8/18/2020,1,0.173691717,0.064732753
8/19/2020,0,-0.110342358,-0.278142839
8/20/2020,1,0.716467465,-0.183051498
8/21/2020,1,0.68232227,0.186291365
8/24/2020,1,0.452343025,0.892133517
8/25/2020,1,0.247382639,0.069341172
8/26/2020,1,1.111270754,0.85729318
8/27/2020,1,0.006268789,0.100949427
8/28/2020,1,0.458914147,0.500965711
8/31/2020,0,0.140354961,-0.474362542
9/1/2020,1,1.042605965,0.808986685
9/2/2020,1,0.46635464,0.801899255
9/3/2020,0,-3.400247332,-1.88285869
9/4/2020,0,-0.844390625,-0.636195324
9/8/2020,0,-2.689150741,-0.932517751
9/9/2020,1,1.797592386,0.807733451
9/10/2020,0,-1.34833989,-0.891572389
9/11/2020,1,-0.479888619,-0.145784981
9/14/2020,1,1.148091474,0.773657841
9/15/2020,1,0.522476264,0.580516866
9/16/2020,0,-0.932338874,0.024531338
9/17/2020,0,-0.516917954,-1.014327069
9/18/2020,0,-1.035959978,-0.73769375
9/21/2020,0,0.433299354,-0.919227595
9/22/2020,1,0.858565197,1.099837944
9/23/2020,0,-1.853405346,-1.546171319
9/24/2020,1,0.279207718,-0.094381611
9/25/2020,1,1.311748666,0.927879935
9/28/2020,1,1.044365758,1.33182877
9/29/2020,0,-0.233246236,-0.559697193
9/30/2020,1,0.437200004,0.657175581
10/1/2020,1,0.559605686,0.821322741
10/2/2020,0,-1.510884355,-0.419283668
10/5/2020,1,1.200968881,0.816036649
10/6/2020,0,-0.934653725,-1.232102009
10/7/2020,1,0.999402595,1.370459379
10/8/2020,1,0.255146329,0.450348724
10/9/2020,1,0.82814032,0.326095908
10/13/2020,0,-0.408157858,0.238680017
10/14/2020,0,-0.344806939,-0.786208192
10/15/2020,0,-0.299280957,0.098614734
10/16/2020,0,-0.205834502,-0.476875643
10/19/2020,0,-1.099716723,-0.823118495
10/20/2020,1,0.156429017,0.299259504
10/21/2020,0,-0.127088452,-0.267292964
10/22/2020,1,-0.310392808,0.17390586
10/23/2020,1,-0.103443606,0.471127756
10/26/2020,0,-1.296576214,-1.562640637
10/27/2020,0,0.245216016,-0.276821938
10/28/2020,0,-2.522309908,-2.110196327
10/29/2020,1,0.906414045,0.781420617
10/30/2020,0,-1.322395461,-1.121005499
11/2/2020,1,0.103773745,0.303929128
11/3/2020,1,0.960186304,1.714906645
11/4/2020,1,2.144357688,1.345740166
11/5/2020,1,1.710696768,1.386422904
11/6/2020,0,0.16219435,0.108846064
11/9/2020,1,-0.456529881,0.557832496
11/10/2020,0,-1.117930029,-0.05925062
11/12/2020,0,-0.552830024,-0.726298813
11/13/2020,1,0.443207695,1.10742701
11/16/2020,1,0.509358042,1.027594873
11/17/2020,0,-0.359655061,-0.363334772
11/18/2020,0,-0.65553976,-0.469301626
11/19/2020,1,0.418785166,0.344720174
11/20/2020,0,-0.633376098,-0.292479924
11/23/2020,1,-0.054948732,0.695777256
11/24/2020,1,0.750072228,1.108359754
11/25/2020,0,0.081482894,0.010940629
11/27/2020,1,0.263539096,-0.006837828
11/30/2020,0,0.340808811,-0.245496615
12/1/2020,1,0.687258554,0.570630612
12/2/2020,1,-0.127690725,-0.107829367
12/3/2020,0,-0.077333897,0.124290949
12/4/2020,1,0.52996821,0.219498911
12/7/2020,0,0.122644683,-0.052156815
12/8/2020,1,0.144754474,-0.170425689
12/9/2020,0,-1.148350624,-0.231333153
12/10/2020,0,0.042146146,0.172185182
12/11/2020,0,-0.160269175,0.121414028
12/14/2020,0,0.166239185,-0.220291306
12/15/2020,1,0.906037524,0.79417073
12/16/2020,1,0.346242313,0.130148378
12/17/2020,1,0.410406043,0.377982095
12/18/2020,0,-0.241167575,-0.456865242
12/21/2020,0,0.016599452,-0.219204368
12/22/2020,0,0.453373727,-0.229818368
12/23/2020,1,-0.476581837,0.170817552
12/24/2020,1,0.337652564,0.010498937
12/28/2020,1,0.603367268,0.597646566
12/29/2020,0,-0.31324484,0.059735116
12/30/2020,1,-0.071500529,0.029977685
12/31/2020,1,0.043077462,0.148451646
1/4/2021,0,-0.981816361,-1.163659572
1/5/2021,1,0.329675388,0.330720786
1/6/2021,1,-1.036558244,0.576818429
1/7/2021,1,1.482059212,0.512817667
1/8/2021,1,0.328319765,0.372211551
1/11/2021,0,-0.5154645,-0.175901893
1/12/2021,1,-0.315004646,0.244242991
1/13/2021,1,0.321954618,-0.058506143
1/14/2021,0,-0.545368903,-0.283408219
1/15/2021,0,-0.630670574,-0.501006045
1/19/2021,1,0.700378428,-0.137941205
1/20/2021,1,1.083665139,1.340122061
1/21/2021,1,0.693949479,0.115990799
1/22/2021,0,-0.260038062,-0.368421723
1/25/2021,1,0.435780972,-0.253078365
1/26/2021,0,-0.002181189,0.116848386
1/27/2021,0,-1.131646186,-2.264000967
1/28/2021,1,0.193955019,1.205665612
1/29/2021,0,-1.405208164,-1.53670286
2/1/2021,1,1.375935355,0.783145583
2/2/2021,1,0.72955725,1.421878207
2/3/2021,1,-0.237583051,0.00980386
2/4/2021,1,0.865634104,1.133135961
2/5/2021,1,-0.167430841,0.52592
2/8/2021,1,0.556998021,0.653937989
2/9/2021,0,-0.107676787,0.046542511
2/10/2021,0,-0.124538902,0.055909909
2/11/2021,1,0.585593204,-0.151514702
2/12/2021,1,0.253398618,0.008813415
2/16/2021,0,-0.226829019,0.037093274
2/17/2021,1,-0.548512931,0.225145261
2/18/2021,0,-0.321472531,-0.320741514
2/19/2021,0,-0.124735765,0.027649607
2/22/2021,0,-1.317176344,-0.161056029
2/23/2021,1,-0.200082609,0.027713612
2/24/2021,1,0.828653688,0.234933097
2/25/2021,0,-2.078171927,-1.89766339
2/26/2021,0,0.262415966,0.240944975
3/1/2021,1,1.774507015,1.306015129
3/2/2021,0,-0.956123026,-0.493404412
3/3/2021,0,-1.499380001,-0.986756155
3/4/2021,0,-1.319975257,-1.157029853
3/5/2021,1,1.030400489,0.905547094
3/8/2021,0,-1.442857381,0.692650903
3/9/2021,1,1.874275858,0.495606511
3/10/2021,1,-0.269904659,0.774289323
3/11/2021,1,1.170178523,0.672353612
3/12/2021,1,-0.453028525,0.601028482
3/15/2021,1,0.566047243,0.686894263
3/16/2021,0,0.388810511,-0.312186625
3/17/2021,1,-0.087718578,0.209265013
3/18/2021,0,-1.651712229,-1.208113175
3/19/2021,0,-0.212665766,0.554304202
3/22/2021,1,1.07414633,0.302336656
3/23/2021,0,-0.397748921,-0.812994873
3/24/2021,0,-0.739489866,-1.094917482
3/25/2021,1,-0.076035863,0.624743523
3/26/2021,1,1.396965008,0.353427567
3/29/2021,0,-0.339179884,-0.289674931
3/30/2021,0,-0.585444127,0.259975765
3/31/2021,1,0.863071132,-0.019500993
4/1/2021,1,1.098882273,0.803041956
4/5/2021,1,1.130499548,0.820662143
4/6/2021,0,-0.285429695,0.505009778
4/7/2021,1,0.262072969,-0.23606315
4/8/2021,1,0.780633948,0.233081345
4/9/2021,1,0.507130247,0.348703276
4/12/2021,1,-0.315910053,-0.064298245
4/13/2021,1,0.496515652,0.08796811
4/14/2021,0,-0.650887556,-0.297464596
4/15/2021,1,0.934227785,0.481829907
4/16/2021,1,-0.052624166,0.354143881
4/19/2021,0,-0.518050927,-0.428842501
4/20/2021,0,-0.550510483,-0.854504588
4/21/2021,1,0.533640887,0.322900479
4/22/2021,0,-0.716639196,-0.361902464
4/23/2021,1,0.808118028,0.48450976
4/26/2021,1,0.251484348,-0.055393211
4/27/2021,0,-0.180516554,0.222321988
4/28/2021,0,-0.575309181,-0.216466754
4/29/2021,1,-0.08912501,0.516391462
4/30/2021,0,-0.82616294,-0.188751097
5/3/2021,1,-0.20069604,0.096347979
5/4/2021,0,-1.077353274,-0.690534884
5/5/2021,1,-0.178904254,-0.470486915
5/6/2021,1,0.531171954,-0.019500993
5/7/2021,1,0.447325296,0.673800136
5/10/2021,0,-1.504554689,-0.504992214
5/11/2021,0,-0.214112768,-0.717688744
5/12/2021,0,-1.673898203,-2.006915122
5/13/2021,1,0.713009462,0.745209369
5/14/2021,1,1.206416577,1.03898636
5/17/2021,0,-0.463214101,-0.514531269
5/18/2021,0,-0.500559899,-0.249873349
5/19/2021,0,0.159955305,-0.501136814
5/20/2021,1,1.044002031,0.618870432
5/21/2021,0,-0.355054707,-0.185472761
5/24/2021,1,0.96771851,0.477231123
5/25/2021,0,-0.02412769,0.172705943
5/26/2021,1,-0.044776489,0.390615393
5/27/2021,1,-0.342880418,0.152928558
5/28/2021,1,0.162398744,-0.073897481
6/1/2021,0,-0.322622849,-0.182981007
6/2/2021,1,0.35290857,-0.146919019
6/3/2021,0,-0.575712554,-0.73369641
6/4/2021,1,1.049090361,0.347670497
6/7/2021,0,-0.052919959,-0.08360977
6/8/2021,1,-0.036552452,0.318718493
6/9/2021,0,0.00023521,-0.476951692
6/10/2021,1,0.378709443,0.31326923
6/11/2021,1,0.299092608,0.372645412
6/14/2021,1,0.537122724,0.025964829
6/15/2021,0,-0.393035288,-0.40226354
6/16/2021,0,-0.350766547,-0.330891537
6/17/2021,0,0.617867264,0.172998553
6/18/2021,0,-0.566046482,-0.580135351
6/21/2021,1,0.569649592,0.72396338
6/22/2021,1,0.47620571,0.634752233
6/23/2021,0,-0.104009115,-0.019500993
6/24/2021,1,0.318780297,0.260320615
6/25/2021,1,-0.107613291,0.3578039
6/28/2021,1,0.555429961,-0.279813708
6/29/2021,1,0.375267087,-0.118482094
6/30/2021,1,-0.102643583,0.303944768
7/1/2021,1,0.056200947,0.302454767
7/2/2021,1,0.709190435,0.434064608
7/6/2021,0,0.176696684,-0.099326207
7/7/2021,1,0.270579822,-0.028385188
7/8/2021,0,-0.584486815,-0.411136267
7/9/2021,1,0.484268063,0.840973937
7/12/2021,1,0.004772635,0.015756635
7/13/2021,0,0.193447307,-0.612407324
7/14/2021,1,0.379821543,-0.046167192
7/15/2021,0,-0.513881632,-0.19753507
7/16/2021,0,-0.60917357,-0.844399678
7/19/2021,0,-0.834596809,-0.872569154
7/20/2021,1,0.80280398,1.24722196
7/21/2021,1,0.50855067,0.614226316
7/22/2021,1,0.379975531,0.104765493
7/23/2021,1,0.525313589,0.756625978
7/26/2021,1,-0.070291546,0.295529664
7/27/2021,0,-0.58443675,-0.422287576
7/28/2021,0,-0.111795072,-0.204165746
7/29/2021,1,0.224776741,0.042108405
7/30/2021,0,-0.077949184,-0.87811465
8/2/2021,0,-0.246275801,-0.314040726
8/3/2021,1,0.325241018,0.266129522
8/4/2021,0,0.074611184,-0.556022123
8/5/2021,1,0.274189473,0.925579613
8/6/2021,1,-0.088683961,-0.187965584
8/9/2021,0,-0.225791176,-0.35765214
8/10/2021,1,-0.453813741,0.433948734
8/11/2021,1,-0.033170933,0.316458543
8/12/2021,1,0.287112705,-0.169590851
8/13/2021,1,0.270479818,-0.143354393
8/16/2021,1,0.217339442,0.042446489
8/17/2021,0,-0.516981476,-0.981541341
8/18/2021,0,-0.835921628,-0.199127872
8/19/2021,1,0.516834769,-0.037479564
8/20/2021,1,0.691873968,0.723114518
8/23/2021,1,0.693500873,0.521265788
8/24/2021,1,-0.105996487,0.236128235
8/25/2021,1,-0.073359669,0.296516737
8/26/2021,0,-0.401682818,-0.679499017
8/27/2021,1,0.509122317,0.465117853
8/30/2021,1,0.572042436,0.155878185
8/31/2021,0,-0.342568761,0.225310861
9/1/2021,1,-0.026226039,0.180949121
9/2/2021,1,-0.101931702,0.206394255
9/3/2021,0,0.186134348,-0.22799567
9/7/2021,0,-0.026282294,-0.141409846
9/8/2021,0,-0.260147118,0.041483474
9/9/2021,0,-0.257377042,-0.097916554
9/10/2021,0,-0.608015857,-0.430457908
9/13/2021,1,-0.022376642,0.138176149
9/14/2021,0,-0.113768013,-0.776072439
9/15/2021,1,0.458402423,0.377399614
9/16/2021,0,-0.008011648,0.427599199
9/17/2021,0,-0.939366259,-0.238304253
9/20/2021,0,-1.093031117,-1.454322362
9/21/2021,0,-0.018103728,-0.082172828
9/22/2021,1,0.73893726,0.852794673
9/23/2021,1,0.721157542,0.710810144
9/24/2021,1,-0.000445118,0.229001067
9/27/2021,0,-0.598653379,0.233332096
9/28/2021,0,-1.76326078,-1.32843786
9/29/2021,1,-0.112920453,-0.046105176
9/30/2021,0,-0.45322066,-1.011249312
10/1/2021,1,0.815575972,0.767906897
10/4/2021,0,-1.382008864,-0.806908883
10/5/2021,1,0.769458759,0.455803236
10/6/2021,1,0.331753419,0.141185893
10/7/2021,1,0.47967483,0.884115571
10/8/2021,0,-0.254980117,-0.248718836
10/12/2021,0,-0.336901213,0.326364263
10/13/2021,1,0.308631777,0.210130998
10/14/2021,1,1.235663904,0.725959319
10/15/2021,1,0.41650551,0.700791928
10/18/2021,1,0.442013344,0.513728765
10/19/2021,1,0.524578769,-0.028065422
10/20/2021,1,-0.199500466,-0.148146673
10/21/2021,1,0.179478186,0.960773594
10/22/2021,0,-0.239076119,-0.248421039
10/25/2021,1,0.146968961,1.050748649
10/26/2021,1,0.121236086,-0.078058133
10/27/2021,0,-0.090956298,-0.245855543
10/28/2021,1,0.5317148,0.723836346
10/29/2021,1,0.204436004,0.121589834
11/1/2021,1,-0.12577503,0.85382442
11/2/2021,1,0.461185325,-0.355998888
11/3/2021,1,0.292644076,0.928360906
11/4/2021,1,0.847937328,0.610671189
11/5/2021,1,0.254797212,0.365478531
11/8/2021,1,0.266905925,-0.501060738
11/9/2021,0,-0.2762848,-0.431458514
11/10/2021,0,-0.993052556,-0.736127231
11/12/2021,1,0.651295412,0.373306876
11/15/2021,1,-0.098841662,0.045762294
11/16/2021,1,0.559051123,0.637760816
11/17/2021,0,-0.213771132,-0.067966885
11/18/2021,1,0.527700373,0.26278708
11/19/2021,0,0.375254992,-0.083927122
11/22/2021,0,-0.682532542,-0.302057331
11/23/2021,1,-0.172601534,-0.376343559
11/24/2021,1,0.374501024,0.110473512
11/26/2021,0,-1.488025097,-1.59544245
11/29/2021,1,1.373092756,0.493302136
11/30/2021,0,-0.520462283,-1.275112697
12/1/2021,0,-0.829885979,-1.512190182
12/2/2021,1,0.483310701,1.086125508
12/3/2021,0,-1.00666481,-1.005216488
12/6/2021,1,0.501099436,0.991525014
12/7/2021,1,1.924032642,1.234324208
12/8/2021,1,0.220908474,0.187296687
12/9/2021,0,-0.661723222,-0.975882714
12/10/2021,1,1.09672849,0.406255078
12/13/2021,0,-0.89819559,-1.379995004
12/14/2021,0,-0.988885645,-0.462444137
12/15/2021,1,1.456587389,0.804497378
12/16/2021,0,-1.686731049,-1.289293962
12/17/2021,0,-0.424700965,-0.355731681
12/20/2021,0,-0.725659035,-1.00297099
12/21/2021,1,1.390125054,1.728891002
12/22/2021,1,0.703180178,0.846945788
12/23/2021,1,0.278041726,0.72778732
12/27/2021,1,1.17452057,0.529529393
12/28/2021,0,-0.339584715,0.079855407
12/29/2021,1,0.008205896,0.104504771
12/30/2021,0,-0.419485,-0.044292054
12/31/2021,0,-0.319842402,-0.184941751
1/3/2022,1,0.500093558,1.04075509
1/4/2022,0,-0.650565103,-0.223715909
1/5/2022,0,-1.828704975,-1.809362417
1/6/2022,0,-0.330485185,-0.195999605
1/7/2022,0,-0.569536964,-0.798036044
1/10/2022,0,-0.030291838,-0.763833722
1/11/2022,1,0.641748405,0.656710699
1/12/2022,1,0.228016171,0.116661434
1/13/2022,0,-1.542838965,-1.038622561
1/14/2022,1,0.441456824,-0.669550601
1/18/2022,0,-1.432024933,-1.240580987
1/19/2022,0,-0.846036854,-0.866546959
1/20/2022,0,-0.78477146,-1.387457969
1/21/2022,0,-1.190131902,-2.193992124
1/24/2022,1,0.255355427,0.815575276
1/25/2022,0,-1.381093811,-1.309149515
1/26/2022,0,0.294606879,-0.496197855
1/27/2022,0,-0.436365871,-0.953710664
1/28/2022,1,2.409755459,1.41040971
1/31/2022,1,1.380084302,2.425681021
2/1/2022,1,0.10761502,0.664919635
2/2/2022,1,0.422836251,-0.347177937
2/3/2022,0,-1.726315029,-1.934230151
2/4/2022,1,0.189392984,1.253616347
2/7/2022,0,-0.422150513,-0.093215334
2/8/2022,1,0.662789997,0.97808342
2/9/2022,1,1.215324078,1.142933135
2/10/2022,0,-1.557596679,-1.018570582
2/11/2022,0,-1.816548406,-1.745034805
2/14/2022,0,-0.059129792,0.073374639
2/15/2022,1,1.444750075,1.495211338
2/16/2022,1,-0.098314041,-0.010415255
2/17/2022,0,-1.779790269,-1.534020444
2/18/2022,0,-0.623540042,-0.438340221
2/22/2022,0,-0.572643793,-1.921725352
2/23/2022,0,-1.491742338,-1.896295784
2/24/2022,1,1.882334047,1.472461922
2/25/2022,1,0.73233957,1.308750562
2/28/2022,0,-0.144598214,0.046726868
3/1/2022,0,-1.196716876,-1.077136261
3/2/2022,1,1.185980447,1.264710382
3/3/2022,0,-0.727619142,-1.313312418
3/4/2022,0,-1.05240181,-1.318257434
3/7/2022,0,-2.174967716,-3.253508484
3/8/2022,0,-0.31909519,0.011249123
3/9/2022,1,2.180654696,1.910129097
3/10/2022,0,-1.050662058,0.28869407
3/11/2022,0,-1.056874796,-1.240375861
3/14/2022,0,-1.111668083,-1.015969195
3/15/2022,1,1.851072826,2.118450245
3/16/2022,1,1.790558945,2.102875084
3/17/2022,1,0.363896819,0.956185862
3/18/2022,1,1.11920735,1.176501198
3/21/2022,0,-0.14949231,-0.855486356
3/22/2022,1,0.776176795,1.374443239
3/23/2022,0,-0.927919313,-1.074083662
3/24/2022,1,1.428183084,0.588863501
3/25/2022,1,-0.073199426,-0.131591671
3/28/2022,1,0.635603762,1.139309472
3/29/2022,1,1.162427675,1.51713918
3/30/2022,0,-0.809110951,-0.906433324
3/31/2022,0,-0.895171154,-1.250837322
4/1/2022,1,-0.210194654,0.06388609
4/4/2022,1,1.036638045,1.07377561
4/5/2022,0,-1.25900386,-1.326077701
4/6/2022,0,-1.411488605,-1.426867619
4/7/2022,1,0.048318458,0.179248864
4/8/2022,0,-0.846315414,-0.389070302
4/11/2022,0,-1.501552402,-0.899155055
4/12/2022,0,-0.295537452,-0.057999333
4/13/2022,1,0.873221942,1.541761177
4/14/2022,0,-1.448201734,-0.719636647
4/18/2022,1,0.146445725,-0.305362887
4/19/2022,1,1.02343176,1.929436361
4/20/2022,0,-0.094145494,-1.303252552
4/21/2022,0,-1.020096564,-1.019683737
4/22/2022,0,-1.665874642,-1.778120228
4/25/2022,1,0.813225298,0.578161486
4/26/2022,0,-2.214013903,-2.897657306
4/27/2022,1,0.800712477,-0.233350229
4/28/2022,1,2.206454562,1.453864505
4/29/2022,0,-2.477695533,-3.091974974
5/2/2022,1,0.823178964,0.82074767
5/3/2022,1,0.05895894,-0.288109695
5/4/2022,1,1.935103868,1.708179314
5/5/2022,0,-2.862538021,-3.444580657
5/6/2022,0,-0.503060653,-1.314879377
5/9/2022,0,-2.300209255,-2.516739303
5/10/2022,1,0.825522269,-0.210177522
5/11/2022,0,-1.876706019,-2.071151885
5/12/2022,0,-0.634047475,0.545026125
5/13/2022,1,1.831095522,2.493335415
5/16/2022,0,-0.548557989,-1.168869606
5/17/2022,1,1.593863409,1.317753007
5/18/2022,0,-2.722021715,-4.486549042
5/19/2022,0,-0.671948265,0.039316839
5/20/2022,1,0.086171675,-0.799982095
5/23/2022,1,1.259326818,0.666844095
5/24/2022,0,-0.896779021,-1.832777012
5/25/2022,1,0.623004145,1.723084826
5/26/2022,1,1.318436814,2.979612182
5/27/2022,1,1.864509126,1.994545974
5/31/2022,0,-0.450870419,0.166698263
